{"list":[{"note":"Q","timing":3.3876025676727297,"gameObject":{"instanceID":-3662252}},{"note":"W","timing":3.7013537883758547,"gameObject":{"instanceID":-3662624}},{"note":"E","timing":4.06112003326416,"gameObject":{"instanceID":-3663036}}]}
